date,state,positive,negative,pending,death,total,dateChecked
20200317,AK,3,334,NA,NA,337,2020-03-17T20:00:00Z
20200317,AL,36,28,NA,0,64,2020-03-17T20:00:00Z
20200317,AR,22,197,41,NA,260,2020-03-17T20:00:00Z
20200317,AZ,20,142,66,0,228,2020-03-17T20:00:00Z
20200317,CA,483,7981,NA,11,8407,2020-03-17T20:00:00Z
20200317,CO,160,1056,NA,1,1216,2020-03-17T20:00:00Z
20200317,CT,41,125,NA,NA,166,2020-03-17T20:00:00Z
20200317,DC,22,104,0,NA,126,2020-03-17T20:00:00Z
20200317,DE,16,36,NA,NA,52,2020-03-17T20:00:00Z
20200317,FL,186,940,NA,6,1126,2020-03-17T20:00:00Z
20200317,GA,146,NA,NA,1,146,2020-03-17T20:00:00Z
20200317,HI,10,NA,NA,NA,10,2020-03-17T20:00:00Z
20200317,IA,23,83,NA,NA,106,2020-03-17T20:00:00Z
20200317,ID,7,346,NA,NA,353,2020-03-17T20:00:00Z
20200317,IL,160,1340,NA,1,1500,2020-03-17T20:00:00Z
20200317,IN,30,129,NA,2,159,2020-03-17T20:00:00Z
20200317,KS,15,382,NA,1,397,2020-03-17T20:00:00Z
20200317,KY,22,295,NA,1,317,2020-03-17T20:00:00Z
20200317,LA,171,286,NA,4,457,2020-03-17T20:00:00Z
20200317,MA,218,1541,NA,NA,1759,2020-03-17T20:00:00Z
20200317,MD,57,94,NA,NA,151,2020-03-17T20:00:00Z
20200317,ME,32,1303,NA,NA,1335,2020-03-17T20:00:00Z
20200317,MI,65,272,NA,NA,337,2020-03-17T20:00:00Z
20200317,MN,60,2276,NA,NA,2336,2020-03-17T20:00:00Z
20200317,MO,8,207,NA,0,215,2020-03-17T20:00:00Z
20200317,MS,21,368,NA,NA,389,2020-03-17T20:00:00Z
20200317,MT,8,303,0,NA,311,2020-03-17T20:00:00Z
20200317,NC,40,474,NA,0,514,2020-03-17T20:00:00Z
20200317,ND,3,220,0,0,223,2020-03-17T20:00:00Z
20200317,NE,21,206,NA,NA,227,2020-03-17T20:00:00Z
20200317,NH,17,355,195,NA,567,2020-03-17T20:00:00Z
20200317,NJ,267,163,55,3,485,2020-03-17T20:00:00Z
20200317,NM,23,1249,NA,NA,1272,2020-03-17T20:00:00Z
20200317,NV,55,168,NA,1,223,2020-03-17T20:00:00Z
20200317,NY,1700,5506,NA,7,7206,2020-03-17T20:00:00Z
20200317,OH,67,140,NA,NA,207,2020-03-17T20:00:00Z
20200317,OK,17,247,82,NA,346,2020-03-17T20:00:00Z
20200317,OR,47,689,184,NA,920,2020-03-17T20:00:00Z
20200317,PA,96,879,NA,NA,975,2020-03-17T20:00:00Z
20200317,RI,21,308,149,NA,478,2020-03-17T20:00:00Z
20200317,SC,33,311,NA,1,344,2020-03-17T20:00:00Z
20200317,SD,11,551,35,NA,597,2020-03-17T20:00:00Z
20200317,TN,73,330,NA,NA,403,2020-03-17T20:00:00Z
20200317,TX,64,1204,NA,1,1268,2020-03-17T20:00:00Z
20200317,UT,51,131,NA,0,182,2020-03-17T20:00:00Z
20200317,VA,67,961,NA,1,1028,2020-03-17T20:00:00Z
20200317,VT,10,495,NA,NA,505,2020-03-17T20:00:00Z
20200317,WA,904,11582,NA,48,12486,2020-03-17T20:00:00Z
20200317,WI,72,1038,NA,NA,1110,2020-03-17T20:00:00Z
20200317,WV,0,80,4,0,84,2020-03-17T20:00:00Z
20200317,WY,10,95,NA,NA,105,2020-03-17T20:00:00Z
20200317,PR,5,13,4,NA,22,2020-03-17T20:00:00Z
20200317,VI,2,NA,NA,NA,2,2020-03-17T20:00:00Z
20200317,GU,5,41,NA,NA,46,2020-03-17T20:00:00Z
20200317,MP,0,NA,NA,NA,0,2020-03-17T20:00:00Z
20200317,AS,0,NA,NA,NA,0,2020-03-17T20:00:00Z
20200316,AK,1,143,NA,NA,144,2020-03-16T20:00:00Z
20200316,AL,28,28,40,0,96,2020-03-16T20:00:00Z
20200316,AR,22,132,14,NA,168,2020-03-16T20:00:00Z
20200316,AZ,18,182,63,0,263,2020-03-16T20:00:00Z
20200316,CA,335,7981,NA,6,8316,2020-03-16T20:00:00Z
20200316,CO,131,627,NA,1,758,2020-03-16T20:00:00Z
20200316,CT,26,125,NA,NA,151,2020-03-16T20:00:00Z
20200316,DC,17,96,7,NA,120,2020-03-16T20:00:00Z
20200316,DE,8,36,32,NA,76,2020-03-16T20:00:00Z
20200316,FL,141,684,514,4,1339,2020-03-16T20:00:00Z
20200316,GA,121,NA,NA,1,121,2020-03-16T20:00:00Z
20200316,HI,7,NA,NA,NA,7,2020-03-16T20:00:00Z
20200316,IA,22,83,NA,NA,105,2020-03-16T20:00:00Z
20200316,ID,5,265,NA,NA,270,2020-03-16T20:00:00Z
20200316,IL,93,932,NA,NA,1025,2020-03-16T20:00:00Z
20200316,IN,24,115,NA,1,139,2020-03-16T20:00:00Z
20200316,KS,11,166,NA,1,177,2020-03-16T20:00:00Z
20200316,KY,21,234,NA,1,255,2020-03-16T20:00:00Z
20200316,LA,114,188,NA,2,302,2020-03-16T20:00:00Z
20200316,MA,164,352,NA,NA,516,2020-03-16T20:00:00Z
20200316,MD,37,94,NA,NA,131,2020-03-16T20:00:00Z
20200316,ME,17,764,NA,NA,781,2020-03-16T20:00:00Z
20200316,MI,53,272,30,NA,355,2020-03-16T20:00:00Z
20200316,MN,54,1839,NA,NA,1893,2020-03-16T20:00:00Z
20200316,MO,6,164,NA,0,170,2020-03-16T20:00:00Z
20200316,MS,12,277,NA,NA,289,2020-03-16T20:00:00Z
20200316,MT,7,198,0,NA,205,2020-03-16T20:00:00Z
20200316,NC,33,296,151,0,480,2020-03-16T20:00:00Z
20200316,ND,1,123,0,0,124,2020-03-16T20:00:00Z
20200316,NE,18,170,NA,NA,188,2020-03-16T20:00:00Z
20200316,NH,13,271,95,NA,379,2020-03-16T20:00:00Z
20200316,NJ,178,20,20,2,218,2020-03-16T20:00:00Z
20200316,NM,17,566,NA,NA,583,2020-03-16T20:00:00Z
20200316,NV,45,168,NA,1,213,2020-03-16T20:00:00Z
20200316,NY,950,4322,NA,7,5272,2020-03-16T20:00:00Z
20200316,OH,50,140,361,NA,551,2020-03-16T20:00:00Z
20200316,OK,10,174,29,NA,213,2020-03-16T20:00:00Z
20200316,OR,39,579,182,NA,800,2020-03-16T20:00:00Z
20200316,PA,76,670,NA,NA,746,2020-03-16T20:00:00Z
20200316,RI,21,308,149,NA,478,2020-03-16T20:00:00Z
20200316,SC,28,235,NA,1,263,2020-03-16T20:00:00Z
20200316,SD,10,494,0,NA,504,2020-03-16T20:00:00Z
20200316,TN,52,270,NA,NA,322,2020-03-16T20:00:00Z
20200316,TX,57,NA,NA,NA,57,2020-03-16T20:00:00Z
20200316,UT,39,131,NA,0,170,2020-03-16T20:00:00Z
20200316,VA,51,438,NA,1,489,2020-03-16T20:00:00Z
20200316,VT,8,421,NA,NA,429,2020-03-16T20:00:00Z
20200316,WA,769,9451,NA,42,10220,2020-03-16T20:00:00Z
20200316,WI,47,504,NA,NA,551,2020-03-16T20:00:00Z
20200316,WV,0,80,4,0,84,2020-03-16T20:00:00Z
20200316,WY,3,NA,NA,NA,3,2020-03-16T20:00:00Z
20200316,PR,5,9,NA,NA,14,2020-03-16T20:00:00Z
20200316,VI,1,NA,NA,NA,1,2020-03-16T20:00:00Z
20200316,GU,3,23,NA,NA,26,2020-03-16T20:00:00Z
20200316,MP,0,NA,NA,NA,0,2020-03-16T20:00:00Z
20200316,AS,0,NA,NA,NA,0,2020-03-16T20:00:00Z
20200315,AK,1,143,NA,NA,144,2020-03-15T20:00:00Z
20200315,AL,12,28,46,0,86,2020-03-15T20:00:00Z
20200315,AR,16,103,30,NA,149,2020-03-15T20:00:00Z
20200315,AZ,12,121,50,0,183,2020-03-15T20:00:00Z
20200315,CA,293,916,NA,5,1209,2020-03-15T20:00:00Z
20200315,CO,131,627,NA,1,758,2020-03-15T20:00:00Z
20200315,CT,20,125,NA,NA,145,2020-03-15T20:00:00Z
20200315,DC,16,79,20,NA,115,2020-03-15T20:00:00Z
20200315,DE,6,36,32,NA,74,2020-03-15T20:00:00Z
20200315,FL,116,678,454,4,1248,2020-03-15T20:00:00Z
20200315,GA,99,NA,NA,1,99,2020-03-15T20:00:00Z
20200315,HI,2,NA,NA,NA,2,2020-03-15T20:00:00Z
20200315,IA,18,83,NA,NA,101,2020-03-15T20:00:00Z
20200315,ID,5,171,NA,NA,176,2020-03-15T20:00:00Z
20200315,IL,64,449,195,NA,708,2020-03-15T20:00:00Z
20200315,IN,19,102,NA,0,121,2020-03-15T20:00:00Z
20200315,KS,8,135,NA,1,143,2020-03-15T20:00:00Z
20200315,KY,16,139,NA,NA,155,2020-03-15T20:00:00Z
20200315,LA,91,156,NA,2,247,2020-03-15T20:00:00Z
20200315,MA,138,352,NA,NA,490,2020-03-15T20:00:00Z
20200315,MD,31,94,NA,NA,125,2020-03-15T20:00:00Z
20200315,ME,3,91,17,NA,111,2020-03-15T20:00:00Z
20200315,MI,33,205,26,NA,264,2020-03-15T20:00:00Z
20200315,MN,35,1387,NA,NA,1422,2020-03-15T20:00:00Z
20200315,MO,5,122,NA,0,127,2020-03-15T20:00:00Z
20200315,MS,10,84,NA,NA,94,2020-03-15T20:00:00Z
20200315,MT,7,103,57,NA,167,2020-03-15T20:00:00Z
20200315,NC,32,227,151,NA,410,2020-03-15T20:00:00Z
20200315,ND,1,95,4,0,100,2020-03-15T20:00:00Z
20200315,NE,17,80,33,NA,130,2020-03-15T20:00:00Z
20200315,NH,13,271,95,NA,379,2020-03-15T20:00:00Z
20200315,NJ,98,120,34,2,252,2020-03-15T20:00:00Z
20200315,NM,13,482,NA,NA,495,2020-03-15T20:00:00Z
20200315,NV,21,168,164,NA,353,2020-03-15T20:00:00Z
20200315,NY,729,4543,NA,3,5272,2020-03-15T20:00:00Z
20200315,OH,36,139,350,NA,525,2020-03-15T20:00:00Z
20200315,OK,9,118,12,NA,139,2020-03-15T20:00:00Z
20200315,OR,36,420,225,NA,681,2020-03-15T20:00:00Z
20200315,PA,63,205,183,NA,451,2020-03-15T20:00:00Z
20200315,RI,20,198,57,NA,275,2020-03-15T20:00:00Z
20200315,SC,19,154,NA,NA,173,2020-03-15T20:00:00Z
20200315,SD,9,327,6,NA,342,2020-03-15T20:00:00Z
20200315,TN,39,157,NA,NA,196,2020-03-15T20:00:00Z
20200315,TX,56,NA,NA,NA,56,2020-03-15T20:00:00Z
20200315,UT,28,131,NA,0,159,2020-03-15T20:00:00Z
20200315,VA,45,363,NA,1,408,2020-03-15T20:00:00Z
20200315,VT,4,348,NA,NA,352,2020-03-15T20:00:00Z
20200315,WA,642,7122,NA,40,7764,2020-03-15T20:00:00Z
20200315,WI,33,313,NA,NA,346,2020-03-15T20:00:00Z
20200315,WV,0,38,1,0,39,2020-03-15T20:00:00Z
20200315,WY,3,NA,NA,NA,3,2020-03-15T20:00:00Z
20200314,AK,1,143,NA,NA,144,2020-03-14T20:00:00Z
20200314,AL,6,22,46,NA,74,2020-03-14T20:00:00Z
20200314,AR,12,65,26,NA,103,2020-03-14T20:00:00Z
20200314,AZ,12,121,50,0,183,2020-03-14T20:00:00Z
20200314,CA,252,916,NA,5,1168,2020-03-14T20:00:00Z
20200314,CO,101,712,NA,1,814,2020-03-14T20:00:00Z
20200314,CT,11,125,NA,NA,136,2020-03-14T20:00:00Z
20200314,DC,10,49,10,NA,69,2020-03-14T20:00:00Z
20200314,DE,6,36,32,NA,74,2020-03-14T20:00:00Z
20200314,FL,77,478,221,3,776,2020-03-14T20:00:00Z
20200314,GA,66,NA,NA,1,66,2020-03-14T20:00:00Z
20200314,HI,2,NA,NA,NA,2,2020-03-14T20:00:00Z
20200314,IA,17,83,NA,NA,100,2020-03-14T20:00:00Z
20200314,ID,2,174,NA,NA,176,2020-03-14T20:00:00Z
20200314,IL,46,316,82,NA,444,2020-03-14T20:00:00Z
20200314,IN,15,74,NA,0,89,2020-03-14T20:00:00Z
20200314,KS,6,93,NA,1,100,2020-03-14T20:00:00Z
20200314,KY,14,139,NA,NA,153,2020-03-14T20:00:00Z
20200314,LA,69,109,NA,NA,178,2020-03-14T20:00:00Z
20200314,MA,138,352,NA,NA,490,2020-03-14T20:00:00Z
20200314,MD,26,94,NA,NA,120,2020-03-14T20:00:00Z
20200314,ME,3,91,17,NA,111,2020-03-14T20:00:00Z
20200314,MI,25,205,26,NA,256,2020-03-14T20:00:00Z
20200314,MN,21,847,NA,NA,868,2020-03-14T20:00:00Z
20200314,MO,4,90,NA,0,94,2020-03-14T20:00:00Z
20200314,MS,6,84,NA,NA,90,2020-03-14T20:00:00Z
20200314,MT,5,103,NA,NA,108,2020-03-14T20:00:00Z
20200314,NC,23,137,NA,NA,160,2020-03-14T20:00:00Z
20200314,ND,1,54,14,0,69,2020-03-14T20:00:00Z
20200314,NE,14,80,33,NA,127,2020-03-14T20:00:00Z
20200314,NH,7,212,31,NA,250,2020-03-14T20:00:00Z
20200314,NJ,50,NA,80,1,130,2020-03-14T20:00:00Z
20200314,NM,10,237,NA,NA,247,2020-03-14T20:00:00Z
20200314,NV,20,168,NA,NA,188,2020-03-14T20:00:00Z
20200314,NY,524,2779,NA,NA,3303,2020-03-14T20:00:00Z
20200314,OH,13,50,159,NA,222,2020-03-14T20:00:00Z
20200314,OK,4,36,37,NA,77,2020-03-14T20:00:00Z
20200314,OR,30,337,157,NA,524,2020-03-14T20:00:00Z
20200314,PA,47,205,150,NA,402,2020-03-14T20:00:00Z
20200314,RI,20,198,57,NA,275,2020-03-14T20:00:00Z
20200314,SC,13,110,NA,NA,123,2020-03-14T20:00:00Z
20200314,SD,9,182,3,NA,194,2020-03-14T20:00:00Z
20200314,TN,32,130,NA,NA,162,2020-03-14T20:00:00Z
20200314,TX,51,NA,NA,NA,51,2020-03-14T20:00:00Z
20200314,UT,6,131,NA,NA,137,2020-03-14T20:00:00Z
20200314,VA,30,117,NA,NA,147,2020-03-14T20:00:00Z
20200314,VT,4,227,NA,NA,231,2020-03-14T20:00:00Z
20200314,WA,568,6001,NA,37,6569,2020-03-14T20:00:00Z
20200314,WI,19,169,NA,NA,188,2020-03-14T20:00:00Z
20200314,WV,0,26,5,NA,31,2020-03-14T20:00:00Z
20200314,WY,2,NA,NA,NA,2,2020-03-14T20:00:00Z
20200313,AK,1,59,NA,NA,60,2020-03-13T20:00:00Z
20200313,AL,1,11,NA,NA,12,2020-03-13T20:00:00Z
20200313,AR,9,30,22,NA,61,2020-03-13T20:00:00Z
20200313,AZ,9,94,40,0,143,2020-03-13T20:00:00Z
20200313,CA,202,916,NA,4,1118,2020-03-13T20:00:00Z
20200313,CO,72,524,NA,NA,596,2020-03-13T20:00:00Z
20200313,CT,6,99,NA,NA,105,2020-03-13T20:00:00Z
20200313,DC,10,20,NA,NA,30,2020-03-13T20:00:00Z
20200313,DE,4,30,10,NA,44,2020-03-13T20:00:00Z
20200313,FL,50,478,221,2,749,2020-03-13T20:00:00Z
20200313,GA,42,NA,NA,1,42,2020-03-13T20:00:00Z
20200313,HI,2,NA,NA,NA,2,2020-03-13T20:00:00Z
20200313,IA,16,83,29,NA,128,2020-03-13T20:00:00Z
20200313,ID,0,131,NA,NA,131,2020-03-13T20:00:00Z
20200313,IL,32,294,92,NA,418,2020-03-13T20:00:00Z
20200313,IN,12,61,NA,NA,73,2020-03-13T20:00:00Z
20200313,KS,6,93,NA,NA,99,2020-03-13T20:00:00Z
20200313,KY,11,107,NA,NA,118,2020-03-13T20:00:00Z
20200313,LA,36,37,NA,NA,73,2020-03-13T20:00:00Z
20200313,MA,123,92,NA,NA,215,2020-03-13T20:00:00Z
20200313,MD,17,94,NA,NA,111,2020-03-13T20:00:00Z
20200313,ME,3,91,17,NA,111,2020-03-13T20:00:00Z
20200313,MI,16,133,26,NA,175,2020-03-13T20:00:00Z
20200313,MN,14,541,NA,NA,555,2020-03-13T20:00:00Z
20200313,MO,2,71,NA,NA,73,2020-03-13T20:00:00Z
20200313,MS,4,38,NA,NA,42,2020-03-13T20:00:00Z
20200313,MT,1,55,NA,NA,56,2020-03-13T20:00:00Z
20200313,NC,15,86,NA,NA,101,2020-03-13T20:00:00Z
20200313,ND,1,39,12,0,52,2020-03-13T20:00:00Z
20200313,NE,13,80,33,NA,126,2020-03-13T20:00:00Z
20200313,NH,6,94,21,NA,121,2020-03-13T20:00:00Z
20200313,NJ,50,NA,80,1,130,2020-03-13T20:00:00Z
20200313,NM,10,190,NA,NA,200,2020-03-13T20:00:00Z
20200313,NV,11,168,NA,NA,179,2020-03-13T20:00:00Z
20200313,NY,421,2779,NA,NA,3200,2020-03-13T20:00:00Z
20200313,OH,13,50,159,NA,222,2020-03-13T20:00:00Z
20200313,OK,3,36,37,NA,76,2020-03-13T20:00:00Z
20200313,OR,30,337,157,NA,524,2020-03-13T20:00:00Z
20200313,PA,33,140,130,NA,303,2020-03-13T20:00:00Z
20200313,RI,14,142,29,NA,185,2020-03-13T20:00:00Z
20200313,SC,12,75,NA,NA,87,2020-03-13T20:00:00Z
20200313,SD,9,73,11,NA,93,2020-03-13T20:00:00Z
20200313,TN,26,116,NA,NA,142,2020-03-13T20:00:00Z
20200313,TX,39,NA,NA,NA,39,2020-03-13T20:00:00Z
20200313,UT,6,131,NA,NA,137,2020-03-13T20:00:00Z
20200313,VA,30,117,NA,NA,147,2020-03-13T20:00:00Z
20200313,VT,2,142,NA,NA,144,2020-03-13T20:00:00Z
20200313,WA,457,4350,NA,31,4807,2020-03-13T20:00:00Z
20200313,WI,19,169,NA,NA,188,2020-03-13T20:00:00Z
20200313,WV,0,17,4,NA,21,2020-03-13T20:00:00Z
20200313,WY,1,NA,NA,NA,1,2020-03-13T20:00:00Z
20200312,AK,0,46,14,NA,60,2020-03-12T20:00:00Z
20200312,AL,0,10,NA,NA,10,2020-03-12T20:00:00Z
20200312,AR,6,24,20,NA,50,2020-03-12T20:00:00Z
20200312,AZ,9,82,24,NA,115,2020-03-12T20:00:00Z
20200312,CA,202,916,NA,4,1118,2020-03-12T20:00:00Z
20200312,CO,45,298,NA,NA,343,2020-03-12T20:00:00Z
20200312,CT,6,89,NA,NA,95,2020-03-12T20:00:00Z
20200312,DC,10,20,NA,NA,30,2020-03-12T20:00:00Z
20200312,DE,4,23,14,NA,41,2020-03-12T20:00:00Z
20200312,FL,32,301,147,2,480,2020-03-12T20:00:00Z
20200312,GA,31,NA,NA,NA,31,2020-03-12T20:00:00Z
20200312,HI,2,NA,NA,NA,2,2020-03-12T20:00:00Z
20200312,IA,14,67,24,NA,105,2020-03-12T20:00:00Z
20200312,ID,0,93,NA,NA,93,2020-03-12T20:00:00Z
20200312,IL,25,266,76,NA,367,2020-03-12T20:00:00Z
20200312,IN,12,52,NA,NA,64,2020-03-12T20:00:00Z
20200312,KS,4,41,NA,NA,45,2020-03-12T20:00:00Z
20200312,KY,8,56,NA,NA,64,2020-03-12T20:00:00Z
20200312,LA,14,37,NA,NA,51,2020-03-12T20:00:00Z
20200312,MA,95,NA,NA,NA,95,2020-03-12T20:00:00Z
20200312,MD,12,94,NA,NA,12,2020-03-12T20:00:00Z
20200312,ME,1,65,20,NA,86,2020-03-12T20:00:00Z
20200312,MI,2,91,27,NA,120,2020-03-12T20:00:00Z
20200312,MN,9,307,NA,NA,316,2020-03-12T20:00:00Z
20200312,MO,1,64,NA,NA,65,2020-03-12T20:00:00Z
20200312,MS,1,41,NA,NA,42,2020-03-12T20:00:00Z
20200312,MT,1,34,NA,NA,35,2020-03-12T20:00:00Z
20200312,NC,12,60,NA,NA,72,2020-03-12T20:00:00Z
20200312,ND,1,12,14,NA,27,2020-03-12T20:00:00Z
20200312,NE,10,80,33,NA,123,2020-03-12T20:00:00Z
20200312,NH,6,94,21,NA,121,2020-03-12T20:00:00Z
20200312,NJ,30,74,20,1,124,2020-03-12T20:00:00Z
20200312,NM,5,155,NA,NA,160,2020-03-12T20:00:00Z
20200312,NV,7,168,NA,NA,175,2020-03-12T20:00:00Z
20200312,NY,216,NA,NA,NA,216,2020-03-12T20:00:00Z
20200312,OH,5,30,52,NA,87,2020-03-12T20:00:00Z
20200312,OK,3,36,4,NA,43,2020-03-12T20:00:00Z
20200312,OR,19,286,62,NA,367,2020-03-12T20:00:00Z
20200312,PA,22,116,81,NA,219,2020-03-12T20:00:00Z
20200312,RI,5,94,8,NA,107,2020-03-12T20:00:00Z
20200312,SC,10,48,NA,NA,58,2020-03-12T20:00:00Z
20200312,SD,8,27,11,NA,46,2020-03-12T20:00:00Z
20200312,TN,18,79,NA,NA,97,2020-03-12T20:00:00Z
20200312,TX,23,NA,NA,NA,23,2020-03-12T20:00:00Z
20200312,UT,4,132,NA,NA,136,2020-03-12T20:00:00Z
20200312,VA,17,117,NA,NA,134,2020-03-12T20:00:00Z
20200312,VT,2,97,NA,NA,99,2020-03-12T20:00:00Z
20200312,WA,337,3037,NA,29,3403,2020-03-12T20:00:00Z
20200312,WI,8,84,NA,NA,92,2020-03-12T20:00:00Z
20200312,WV,0,7,1,NA,8,2020-03-12T20:00:00Z
20200312,WY,1,NA,NA,NA,1,2020-03-12T20:00:00Z
20200311,AK,0,46,14,NA,60,2020-03-11T20:00:00Z
20200311,AL,0,10,NA,NA,10,2020-03-11T20:00:00Z
20200311,AR,0,12,14,NA,26,2020-03-11T20:00:00Z
20200311,AZ,9,59,32,NA,100,2020-03-11T20:00:00Z
20200311,CA,157,916,NA,NA,1073,2020-03-11T20:00:00Z
20200311,CO,28,251,NA,NA,279,2020-03-11T20:00:00Z
20200311,CT,3,71,NA,NA,74,2020-03-11T20:00:00Z
20200311,DC,4,20,15,NA,39,2020-03-11T20:00:00Z
20200311,DE,1,17,2,NA,20,2020-03-11T20:00:00Z
20200311,FL,28,301,147,2,476,2020-03-11T20:00:00Z
20200311,GA,22,NA,NA,NA,22,2020-03-11T20:00:00Z
20200311,HI,2,NA,NA,NA,2,2020-03-11T20:00:00Z
20200311,IA,13,46,27,NA,86,2020-03-11T20:00:00Z
20200311,ID,0,67,NA,NA,67,2020-03-11T20:00:00Z
20200311,IL,19,244,63,NA,326,2020-03-11T20:00:00Z
20200311,IN,10,33,NA,NA,43,2020-03-11T20:00:00Z
20200311,KS,1,41,NA,NA,42,2020-03-11T20:00:00Z
20200311,KY,8,46,NA,NA,54,2020-03-11T20:00:00Z
20200311,LA,6,37,NA,NA,43,2020-03-11T20:00:00Z
20200311,MA,92,NA,NA,NA,92,2020-03-11T20:00:00Z
20200311,MD,9,94,NA,NA,103,2020-03-11T20:00:00Z
20200311,ME,0,42,5,NA,47,2020-03-11T20:00:00Z
20200311,MI,2,57,18,NA,77,2020-03-11T20:00:00Z
20200311,MN,5,217,NA,NA,222,2020-03-11T20:00:00Z
20200311,MO,1,NA,NA,NA,1,2020-03-11T20:00:00Z
20200311,MS,0,20,NA,NA,20,2020-03-11T20:00:00Z
20200311,MT,0,21,NA,NA,21,2020-03-11T20:00:00Z
20200311,NC,7,NA,NA,NA,7,2020-03-11T20:00:00Z
20200311,ND,NA,7,6,NA,13,2020-03-11T20:00:00Z
20200311,NE,5,47,16,NA,68,2020-03-11T20:00:00Z
20200311,NH,4,38,5,NA,47,2020-03-11T20:00:00Z
20200311,NJ,24,57,20,1,100,2020-03-11T20:00:00Z
20200311,NM,3,87,NA,NA,90,2020-03-11T20:00:00Z
20200311,NV,5,168,NA,NA,173,2020-03-11T20:00:00Z
20200311,NY,216,NA,NA,NA,216,2020-03-11T20:00:00Z
20200311,OH,4,21,24,NA,49,2020-03-11T20:00:00Z
20200311,OK,2,15,11,NA,28,2020-03-11T20:00:00Z
20200311,OR,19,286,62,NA,367,2020-03-11T20:00:00Z
20200311,PA,15,88,54,NA,157,2020-03-11T20:00:00Z
20200311,RI,5,58,24,NA,87,2020-03-11T20:00:00Z
20200311,SC,9,32,NA,NA,41,2020-03-11T20:00:00Z
20200311,SD,5,13,2,NA,20,2020-03-11T20:00:00Z
20200311,TN,7,50,NA,NA,57,2020-03-11T20:00:00Z
20200311,TX,21,NA,NA,NA,21,2020-03-11T20:00:00Z
20200311,UT,2,NA,NA,NA,2,2020-03-11T20:00:00Z
20200311,VA,9,60,NA,NA,69,2020-03-11T20:00:00Z
20200311,VT,1,62,NA,NA,63,2020-03-11T20:00:00Z
20200311,WA,267,2175,NA,24,2466,2020-03-11T20:00:00Z
20200311,WI,3,43,NA,NA,46,2020-03-11T20:00:00Z
20200311,WV,NA,3,2,NA,5,2020-03-11T20:00:00Z
20200311,WY,0,NA,NA,NA,0,2020-03-11T20:00:00Z
20200310,AK,0,23,9,NA,32,2020-03-10T20:00:00Z
20200310,AL,0,0,0,NA,0,2020-03-10T20:00:00Z
20200310,AR,0,12,3,NA,15,2020-03-10T20:00:00Z
20200310,AZ,6,51,27,NA,84,2020-03-10T20:00:00Z
20200310,CA,133,690,NA,NA,823,2020-03-10T20:00:00Z
20200310,CO,12,142,1,NA,155,2020-03-10T20:00:00Z
20200310,CT,2,54,NA,NA,56,2020-03-10T20:00:00Z
20200310,DC,5,17,2,NA,24,2020-03-10T20:00:00Z
20200310,DE,0,17,3,NA,20,2020-03-10T20:00:00Z
20200310,FL,19,222,155,NA,396,2020-03-10T20:00:00Z
20200310,GA,17,NA,NA,NA,17,2020-03-10T20:00:00Z
20200310,HI,2,NA,NA,NA,2,2020-03-10T20:00:00Z
20200310,IA,8,32,11,NA,51,2020-03-10T20:00:00Z
20200310,ID,0,41,NA,NA,41,2020-03-10T20:00:00Z
20200310,IL,19,244,63,NA,326,2020-03-10T20:00:00Z
20200310,IN,6,30,NA,NA,36,2020-03-10T20:00:00Z
20200310,KS,1,17,21,NA,39,2020-03-10T20:00:00Z
20200310,KY,6,28,NA,NA,34,2020-03-10T20:00:00Z
20200310,LA,1,11,NA,NA,12,2020-03-10T20:00:00Z
20200310,MA,92,NA,NA,NA,NA,2020-03-10T20:00:00Z
20200310,MD,6,89,NA,NA,95,2020-03-10T20:00:00Z
20200310,ME,0,20,5,NA,25,2020-03-10T20:00:00Z
20200310,MI,0,39,24,NA,63,2020-03-10T20:00:00Z
20200310,MN,3,132,NA,NA,135,2020-03-10T20:00:00Z
20200310,MO,1,NA,NA,NA,1,2020-03-10T20:00:00Z
20200310,MS,0,NA,NA,NA,0,2020-03-10T20:00:00Z
20200310,MT,0,15,NA,NA,15,2020-03-10T20:00:00Z
20200310,NC,7,NA,NA,NA,7,2020-03-10T20:00:00Z
20200310,ND,0,6,2,NA,8,2020-03-10T20:00:00Z
20200310,NE,3,47,16,NA,66,2020-03-10T20:00:00Z
20200310,NH,4,38,5,NA,47,2020-03-10T20:00:00Z
20200310,NJ,15,44,20,NA,79,2020-03-10T20:00:00Z
20200310,NM,0,69,NA,NA,69,2020-03-10T20:00:00Z
20200310,NV,0,14,NA,NA,14,2020-03-10T20:00:00Z
20200310,NY,173,92,NA,NA,265,2020-03-10T20:00:00Z
20200310,OH,3,14,15,NA,32,2020-03-10T20:00:00Z
20200310,OK,2,15,11,NA,28,2020-03-10T20:00:00Z
20200310,OR,15,213,67,NA,295,2020-03-10T20:00:00Z
20200310,PA,12,NA,NA,NA,NA,2020-03-10T20:00:00Z
20200310,RI,3,53,6,NA,62,2020-03-10T20:00:00Z
20200310,SC,7,24,NA,NA,31,2020-03-10T20:00:00Z
20200310,SD,0,11,0,NA,11,2020-03-10T20:00:00Z
20200310,TN,7,NA,NA,NA,7,2020-03-10T20:00:00Z
20200310,TX,13,NA,NA,NA,13,2020-03-10T20:00:00Z
20200310,UT,2,NA,NA,NA,2,2020-03-10T20:00:00Z
20200310,VA,8,53,NA,NA,NA,2020-03-10T20:00:00Z
20200310,VT,1,40,NA,NA,41,2020-03-10T20:00:00Z
20200310,WA,162,1110,NA,NA,1272,2020-03-10T20:00:00Z
20200310,WI,2,36,NA,NA,38,2020-03-10T20:00:00Z
20200310,WV,0,2,3,NA,5,2020-03-10T20:00:00Z
20200310,WY,0,0,0,NA,0,2020-03-10T20:00:00Z
20200309,AK,0,23,9,NA,32,2020-03-09T20:00:00Z
20200309,AL,0,NA,NA,NA,0,2020-03-09T20:00:00Z
20200309,AR,0,12,0,NA,12,2020-03-09T20:00:00Z
20200309,AZ,5,44,7,NA,56,2020-03-09T20:00:00Z
20200309,CA,114,690,NA,NA,804,2020-03-09T20:00:00Z
20200309,CO,9,266,NA,NA,275,2020-03-09T20:00:00Z
20200309,CT,1,46,NA,NA,47,2020-03-09T20:00:00Z
20200309,DC,1,14,3,NA,18,2020-03-09T20:00:00Z
20200309,DE,0,15,3,NA,18,2020-03-09T20:00:00Z
20200309,FL,18,140,115,NA,273,2020-03-09T20:00:00Z
20200309,GA,12,NA,NA,NA,12,2020-03-09T20:00:00Z
20200309,HI,2,NA,NA,NA,2,2020-03-09T20:00:00Z
20200309,IA,3,26,8,NA,37,2020-03-09T20:00:00Z
20200309,ID,0,41,NA,NA,41,2020-03-09T20:00:00Z
20200309,IL,7,191,44,NA,242,2020-03-09T20:00:00Z
20200309,IN,2,NA,NA,NA,2,2020-03-09T20:00:00Z
20200309,KS,1,11,0,NA,12,2020-03-09T20:00:00Z
20200309,KY,4,17,NA,NA,21,2020-03-09T20:00:00Z
20200309,LA,1,5,NA,NA,6,2020-03-09T20:00:00Z
20200309,MA,41,NA,NA,NA,41,2020-03-09T20:00:00Z
20200309,MD,5,73,NA,NA,78,2020-03-09T20:00:00Z
20200309,ME,0,1,NA,NA,1,2020-03-09T20:00:00Z
20200309,MI,0,36,11,NA,47,2020-03-09T20:00:00Z
20200309,MN,2,80,NA,NA,82,2020-03-09T20:00:00Z
20200309,MO,1,NA,NA,NA,1,2020-03-09T20:00:00Z
20200309,MS,0,NA,NA,NA,0,2020-03-09T20:00:00Z
20200309,MT,0,11,0,NA,11,2020-03-09T20:00:00Z
20200309,NC,2,NA,NA,NA,2,2020-03-09T20:00:00Z
20200309,ND,0,0,NA,NA,0,2020-03-09T20:00:00Z
20200309,NE,3,36,9,NA,48,2020-03-09T20:00:00Z
20200309,NH,4,38,5,NA,47,2020-03-09T20:00:00Z
20200309,NJ,11,35,14,NA,60,2020-03-09T20:00:00Z
20200309,NM,0,57,0,NA,57,2020-03-09T20:00:00Z
20200309,NV,1,14,NA,NA,15,2020-03-09T20:00:00Z
20200309,NY,142,92,NA,NA,234,2020-03-09T20:00:00Z
20200309,OH,3,11,5,NA,19,2020-03-09T20:00:00Z
20200309,OK,1,8,10,NA,19,2020-03-09T20:00:00Z
20200309,OR,14,165,52,NA,231,2020-03-09T20:00:00Z
20200309,PA,7,NA,NA,NA,7,2020-03-09T20:00:00Z
20200309,RI,3,53,6,NA,62,2020-03-09T20:00:00Z
20200309,SC,7,24,NA,NA,31,2020-03-09T20:00:00Z
20200309,SD,0,5,0,NA,5,2020-03-09T20:00:00Z
20200309,TN,3,NA,NA,NA,3,2020-03-09T20:00:00Z
20200309,TX,12,NA,NA,NA,12,2020-03-09T20:00:00Z
20200309,UT,1,NA,NA,NA,1,2020-03-09T20:00:00Z
20200309,VA,3,38,9,NA,50,2020-03-09T20:00:00Z
20200309,VT,1,34,NA,NA,35,2020-03-09T20:00:00Z
20200309,WA,136,1110,NA,NA,1246,2020-03-09T20:00:00Z
20200309,WI,1,36,NA,NA,37,2020-03-09T20:00:00Z
20200309,WV,0,2,3,NA,5,2020-03-09T20:00:00Z
20200309,WY,0,NA,NA,NA,0,2020-03-09T20:00:00Z
20200308,NY,105,92,NA,NA,197,2020-03-08T21:00:00Z
20200308,WA,102,640,60,NA,802,2020-03-08T21:00:00Z
20200308,CA,88,462,NA,NA,550,2020-03-08T21:00:00Z
20200308,FL,17,118,108,NA,243,2020-03-08T21:00:00Z
20200308,OR,14,100,53,NA,167,2020-03-08T21:00:00Z
20200308,MA,13,NA,NA,NA,13,2020-03-08T21:00:00Z
20200308,CO,8,208,NA,NA,216,2020-03-08T21:00:00Z
20200308,TX,8,NA,NA,NA,8,2020-03-08T21:00:00Z
20200308,GA,7,NA,NA,NA,7,2020-03-08T21:00:00Z
20200308,IL,6,191,44,NA,241,2020-03-08T21:00:00Z
20200308,NJ,6,31,0,NA,37,2020-03-08T21:00:00Z
20200308,AZ,5,44,7,NA,56,2020-03-08T21:00:00Z
20200308,NH,4,38,5,NA,47,2020-03-08T21:00:00Z
20200308,PA,4,NA,NA,NA,4,2020-03-08T21:00:00Z
20200308,MD,3,52,NA,NA,55,2020-03-08T21:00:00Z
20200308,RI,3,30,12,NA,45,2020-03-08T21:00:00Z
20200308,TN,3,NA,NA,NA,3,2020-03-08T21:00:00Z
20200308,VA,2,36,6,NA,44,2020-03-08T21:00:00Z
20200308,SC,2,8,NA,NA,10,2020-03-08T21:00:00Z
20200308,IN,2,NA,NA,NA,2,2020-03-08T21:00:00Z
20200308,NC,2,NA,NA,NA,2,2020-03-08T21:00:00Z
20200308,MN,1,48,NA,NA,49,2020-03-08T21:00:00Z
20200308,WI,1,31,12,NA,44,2020-03-08T21:00:00Z
20200308,CT,1,29,8,NA,38,2020-03-08T21:00:00Z
20200308,VT,1,28,NA,NA,29,2020-03-08T21:00:00Z
20200308,NE,1,17,5,NA,23,2020-03-08T21:00:00Z
20200308,NV,1,14,NA,NA,15,2020-03-08T21:00:00Z
20200308,KY,1,13,NA,NA,14,2020-03-08T21:00:00Z
20200308,KS,1,11,0,NA,12,2020-03-08T21:00:00Z
20200308,DC,1,10,0,NA,11,2020-03-08T21:00:00Z
20200308,OK,1,8,2,NA,11,2020-03-08T21:00:00Z
20200308,HI,1,NA,NA,NA,1,2020-03-08T21:00:00Z
20200308,MO,1,NA,NA,NA,1,2020-03-08T21:00:00Z
20200308,UT,1,NA,NA,NA,1,2020-03-08T21:00:00Z
20200308,NM,0,46,0,NA,46,2020-03-08T21:00:00Z
20200308,MI,0,26,10,NA,36,2020-03-08T21:00:00Z
20200308,ID,0,27,NA,NA,27,2020-03-08T21:00:00Z
20200308,AK,0,14,6,NA,20,2020-03-08T21:00:00Z
20200308,IA,0,15,2,NA,17,2020-03-08T21:00:00Z
20200308,OH,0,10,4,NA,14,2020-03-08T21:00:00Z
20200308,MT,0,11,NA,NA,11,2020-03-08T21:00:00Z
20200308,DE,0,10,0,NA,10,2020-03-08T21:00:00Z
20200308,AR,0,6,0,NA,6,2020-03-08T21:00:00Z
20200308,LA,0,5,NA,NA,5,2020-03-08T21:00:00Z
20200308,SD,0,5,0,NA,5,2020-03-08T21:00:00Z
20200308,WV,0,2,3,NA,5,2020-03-08T21:00:00Z
20200308,ME,0,1,NA,NA,1,2020-03-08T21:00:00Z
20200308,AL,0,NA,NA,NA,0,2020-03-08T21:00:00Z
20200308,MS,0,NA,NA,NA,0,2020-03-08T21:00:00Z
20200308,ND,0,0,NA,NA,0,2020-03-08T21:00:00Z
20200308,WY,0,NA,NA,NA,0,2020-03-08T21:00:00Z
20200307,WA,102,370,66,NA,538,2020-03-07T21:00:00Z
20200307,NY,76,92,236,NA,404,2020-03-07T21:00:00Z
20200307,CA,69,462,NA,NA,531,2020-03-07T21:00:00Z
20200307,FL,14,100,88,NA,202,2020-03-07T21:00:00Z
20200307,MA,13,NA,NA,NA,13,2020-03-07T21:00:00Z
20200307,CO,8,109,69,NA,186,2020-03-07T21:00:00Z
20200307,TX,8,NA,NA,NA,8,2020-03-07T21:00:00Z
20200307,OR,7,77,40,NA,124,2020-03-07T21:00:00Z
20200307,IL,6,191,44,NA,241,2020-03-07T21:00:00Z
20200307,GA,6,NA,NA,NA,6,2020-03-07T21:00:00Z
20200307,AZ,5,44,7,NA,56,2020-03-07T21:00:00Z
20200307,NJ,4,NA,1,NA,5,2020-03-07T21:00:00Z
20200307,MD,3,41,NA,NA,44,2020-03-07T21:00:00Z
20200307,NH,2,20,3,NA,25,2020-03-07T21:00:00Z
20200307,SC,2,8,NA,NA,10,2020-03-07T21:00:00Z
20200307,NC,2,NA,NA,NA,2,2020-03-07T21:00:00Z
20200307,PA,2,NA,NA,NA,2,2020-03-07T21:00:00Z
20200307,RI,2,NA,NA,NA,2,2020-03-07T21:00:00Z
20200307,MN,1,48,NA,NA,49,2020-03-07T21:00:00Z
20200307,WI,1,31,12,NA,44,2020-03-07T21:00:00Z
20200307,NE,1,17,5,NA,23,2020-03-07T21:00:00Z
20200307,NV,1,14,NA,NA,15,2020-03-07T21:00:00Z
20200307,KY,1,9,NA,NA,10,2020-03-07T21:00:00Z
20200307,HI,1,NA,NA,NA,1,2020-03-07T21:00:00Z
20200307,IN,1,NA,NA,NA,1,2020-03-07T21:00:00Z
20200307,OK,1,NA,NA,NA,1,2020-03-07T21:00:00Z
20200307,TN,1,NA,NA,NA,1,2020-03-07T21:00:00Z
20200307,UT,1,NA,NA,NA,1,2020-03-07T21:00:00Z
20200307,NM,0,48,0,NA,48,2020-03-07T21:00:00Z
20200307,VA,0,31,7,NA,38,2020-03-07T21:00:00Z
20200307,ID,0,27,NA,NA,27,2020-03-07T21:00:00Z
20200307,MI,0,18,9,NA,27,2020-03-07T21:00:00Z
20200307,IA,0,15,2,NA,17,2020-03-07T21:00:00Z
20200307,VT,0,16,NA,NA,16,2020-03-07T21:00:00Z
20200307,AK,0,12,2,NA,14,2020-03-07T21:00:00Z
20200307,OH,0,9,5,NA,14,2020-03-07T21:00:00Z
20200307,KS,0,11,2,NA,13,2020-03-07T21:00:00Z
20200307,MT,0,11,NA,NA,11,2020-03-07T21:00:00Z
20200307,DE,0,10,0,NA,10,2020-03-07T21:00:00Z
20200307,DC,0,8,1,NA,9,2020-03-07T21:00:00Z
20200307,AR,0,6,0,NA,6,2020-03-07T21:00:00Z
20200307,SD,0,5,0,NA,5,2020-03-07T21:00:00Z
20200307,WV,0,2,3,NA,5,2020-03-07T21:00:00Z
20200307,ME,0,1,NA,NA,1,2020-03-07T21:00:00Z
20200307,LA,0,NA,NA,NA,0,2020-03-07T21:00:00Z
20200307,MO,0,NA,NA,NA,0,2020-03-07T21:00:00Z
20200307,MS,0,NA,NA,NA,0,2020-03-07T21:00:00Z
20200307,ND,0,0,NA,NA,0,2020-03-07T21:00:00Z
20200307,WY,0,NA,NA,NA,0,2020-03-07T21:00:00Z
20200307,AL,NA,NA,NA,NA,0,2020-03-07T21:00:00Z
20200307,CT,NA,NA,NA,NA,0,2020-03-07T21:00:00Z
20200306,WA,79,370,NA,NA,449,2020-03-06T21:00:00Z
20200306,CA,60,462,NA,NA,522,2020-03-06T21:00:00Z
20200306,NY,33,92,236,NA,361,2020-03-06T21:00:00Z
20200306,FL,9,55,51,NA,115,2020-03-06T21:00:00Z
20200306,MA,8,NA,NA,NA,8,2020-03-06T21:00:00Z
20200306,IL,5,180,35,NA,220,2020-03-06T21:00:00Z
20200306,TX,5,NA,NA,NA,5,2020-03-06T21:00:00Z
20200306,AZ,3,33,15,NA,51,2020-03-06T21:00:00Z
20200306,MD,3,26,12,NA,41,2020-03-06T21:00:00Z
20200306,OR,3,64,28,NA,95,2020-03-06T21:00:00Z
20200306,CO,2,92,30,NA,124,2020-03-06T21:00:00Z
20200306,GA,2,NA,NA,NA,2,2020-03-06T21:00:00Z
20200306,NC,2,NA,NA,NA,2,2020-03-06T21:00:00Z
20200306,NH,2,20,3,NA,25,2020-03-06T21:00:00Z
20200306,PA,2,NA,NA,NA,2,2020-03-06T21:00:00Z
20200306,IN,1,NA,NA,NA,1,2020-03-06T21:00:00Z
20200306,NJ,1,NA,NA,NA,1,2020-03-06T21:00:00Z
20200306,NV,1,14,NA,NA,15,2020-03-06T21:00:00Z
20200306,TN,1,NA,NA,NA,1,2020-03-06T21:00:00Z
20200306,WI,1,31,12,NA,44,2020-03-06T21:00:00Z
20200306,AK,0,8,1,NA,9,2020-03-06T21:00:00Z
20200306,AR,0,6,0,NA,6,2020-03-06T21:00:00Z
20200306,DC,0,8,1,NA,9,2020-03-06T21:00:00Z
20200306,DE,0,10,0,NA,10,2020-03-06T21:00:00Z
20200306,IA,0,15,2,NA,17,2020-03-06T21:00:00Z
20200306,KS,0,4,0,NA,4,2020-03-06T21:00:00Z
20200306,KY,0,7,3,NA,10,2020-03-06T21:00:00Z
20200306,MI,0,8,8,NA,16,2020-03-06T21:00:00Z
20200306,MN,0,36,NA,NA,36,2020-03-06T21:00:00Z
20200306,NE,0,17,5,NA,22,2020-03-06T21:00:00Z
20200306,NM,0,16,0,NA,16,2020-03-06T21:00:00Z
20200306,OH,0,8,2,NA,10,2020-03-06T21:00:00Z
20200306,SC,0,5,0,NA,5,2020-03-06T21:00:00Z
20200306,VA,0,21,10,NA,31,2020-03-06T21:00:00Z
20200306,VT,0,8,NA,NA,8,2020-03-06T21:00:00Z
20200306,WV,0,1,4,NA,5,2020-03-06T21:00:00Z
20200305,WA,70,NA,NA,NA,70,2020-03-05T21:00:00Z
20200305,CA,53,462,NA,NA,515,2020-03-05T21:00:00Z
20200305,NY,22,76,24,NA,122,2020-03-05T21:00:00Z
20200305,FL,9,31,69,NA,109,2020-03-05T21:00:00Z
20200305,IL,5,165,27,NA,197,2020-03-05T21:00:00Z
20200305,OR,3,45,13,NA,61,2020-03-05T21:00:00Z
20200305,AZ,2,28,6,NA,36,2020-03-05T21:00:00Z
20200305,GA,2,NA,NA,NA,2,2020-03-05T21:00:00Z
20200305,MA,2,NA,NA,NA,2,2020-03-05T21:00:00Z
20200305,NH,2,16,4,NA,22,2020-03-05T21:00:00Z
20200305,NC,1,NA,NA,NA,1,2020-03-05T21:00:00Z
20200305,NJ,1,NA,NA,NA,1,2020-03-05T21:00:00Z
20200305,NV,1,14,NA,NA,15,2020-03-05T21:00:00Z
20200305,TN,1,NA,NA,NA,1,2020-03-05T21:00:00Z
20200305,TX,1,NA,NA,NA,1,2020-03-05T21:00:00Z
20200305,WI,1,19,6,NA,26,2020-03-05T21:00:00Z
20200305,CO,0,37,21,NA,58,2020-03-05T21:00:00Z
20200305,DC,0,6,2,NA,8,2020-03-05T21:00:00Z
20200305,MI,0,8,0,NA,8,2020-03-05T21:00:00Z
20200305,NE,0,17,5,NA,22,2020-03-05T21:00:00Z
20200305,OH,0,7,3,NA,10,2020-03-05T21:00:00Z
20200305,SC,0,5,0,NA,5,2020-03-05T21:00:00Z
20200305,VA,0,18,3,NA,21,2020-03-05T21:00:00Z
20200305,MD,0,17,14,NA,31,2020-03-05T21:00:00Z
20200304,AZ,2,27,5,NA,34,2020-03-04T21:00:00Z
20200304,CA,53,462,NA,NA,515,2020-03-04T21:00:00Z
20200304,FL,2,24,16,NA,42,2020-03-04T21:00:00Z
20200304,GA,2,NA,NA,NA,2,2020-03-04T21:00:00Z
20200304,IL,4,124,27,NA,155,2020-03-04T21:00:00Z
20200304,MA,2,NA,NA,NA,2,2020-03-04T21:00:00Z
20200304,NC,1,NA,NA,NA,1,2020-03-04T21:00:00Z
20200304,NH,2,10,7,NA,19,2020-03-04T21:00:00Z
20200304,NY,6,48,24,NA,78,2020-03-04T21:00:00Z
20200304,OR,3,29,18,NA,50,2020-03-04T21:00:00Z
20200304,SC,0,5,0,NA,5,2020-03-04T21:00:00Z
20200304,TX,1,NA,NA,NA,1,2020-03-04T21:00:00Z
20200304,WA,39,NA,NA,NA,39,2020-03-04T21:00:00Z
20200304,WI,1,19,6,NA,26,2020-03-04T21:00:00Z
